facet,measure,condition,n,mean,sd,se,median,q1,q3
Find × Text,accuracy,Non-grounded,22,1.0000,0.0000,0.0000,1.0000,1.0000,1.0000
Find × Text,localization F1,Non-grounded,22,0.5909,0.3663,0.0781,0.5000,0.5000,1.0000
Find × Text,F1 · Part 1 · passage,Non-grounded,22,0.3636,0.4924,0.1050,0.0000,0.0000,1.0000
Find × Text,F1 · Part 2 · passage,Non-grounded,22,0.8182,0.3948,0.0842,1.0000,1.0000,1.0000
Find × Text,judge time (s),Non-grounded,22,197.1752,157.7316,33.6285,184.6595,99.7562,270.6053
Find × Text,locate time (s),Non-grounded,22,91.9275,172.0496,36.6811,35.8815,27.8570,67.1580
Find × Text,"total time (s), all rows",Non-grounded,22,289.1026,248.5550,52.9921,213.2705,142.6968,339.9545
Find × Text,"total time (s), correct only",Non-grounded,22,289.1026,248.5550,52.9921,213.2705,142.6968,339.9545
Find × Text,accuracy,Grounded,21,1.0000,0.0000,0.0000,1.0000,1.0000,1.0000
Find × Text,localization F1,Grounded,21,0.8571,0.2315,0.0505,1.0000,0.5000,1.0000
Find × Text,F1 · Part 1 · passage,Grounded,21,0.7143,0.4629,0.1010,1.0000,0.0000,1.0000
Find × Text,F1 · Part 2 · passage,Grounded,21,1.0000,0.0000,0.0000,1.0000,1.0000,1.0000
Find × Text,judge time (s),Grounded,21,114.4819,89.3834,19.5050,114.4540,28.3280,175.7840
Find × Text,locate time (s),Grounded,21,51.8600,31.4878,6.8712,42.3670,27.3820,67.6060
Find × Text,"total time (s), all rows",Grounded,21,166.3419,107.7933,23.5224,168.0640,91.1180,208.4880
Find × Text,"total time (s), correct only",Grounded,21,166.3419,107.7933,23.5224,168.0640,91.1180,208.4880
Find × Visual,accuracy,Non-grounded,21,0.7619,0.4364,0.0952,1.0000,1.0000,1.0000
Find × Visual,localization F1,Non-grounded,21,0.2381,0.3748,0.0818,0.0000,0.0000,0.5000
Find × Visual,F1 · Part 1 · passage,Non-grounded,21,0.2857,0.4629,0.1010,0.0000,0.0000,1.0000
Find × Visual,F1 · Part 2 · image,Non-grounded,21,0.1905,0.4024,0.0878,0.0000,0.0000,0.0000
Find × Visual,judge time (s),Non-grounded,21,167.8519,224.0085,48.8827,83.0960,53.8150,131.8790
Find × Visual,locate time (s),Non-grounded,21,126.1532,161.9289,35.3358,51.0070,29.2250,112.2280
Find × Visual,"total time (s), all rows",Non-grounded,21,294.0051,332.1782,72.4872,154.0040,129.7600,268.0490
Find × Visual,"total time (s), correct only",Non-grounded,16,278.4913,320.2081,80.0520,160.9040,127.5417,214.9610
Find × Visual,accuracy,Grounded,18,0.8889,0.3234,0.0762,1.0000,1.0000,1.0000
Find × Visual,localization F1,Grounded,18,0.2778,0.3078,0.0726,0.2500,0.0000,0.5000
Find × Visual,F1 · Part 1 · passage,Grounded,18,0.3333,0.4851,0.1143,0.0000,0.0000,1.0000
Find × Visual,F1 · Part 2 · image,Grounded,18,0.2222,0.4278,0.1008,0.0000,0.0000,0.0000
Find × Visual,judge time (s),Grounded,18,77.7127,51.4781,12.1335,83.2835,34.0325,113.5842
Find × Visual,locate time (s),Grounded,18,37.4502,23.2700,5.4848,32.1270,21.3807,42.1795
Find × Visual,"total time (s), all rows",Grounded,18,115.1629,57.6996,13.5999,112.7005,76.9000,146.1560
Find × Visual,"total time (s), correct only",Grounded,16,119.3739,56.1923,14.0481,112.7005,83.3200,151.0310
Guide × Text,accuracy,Non-grounded,17,0.5294,0.5145,0.1248,1.0000,0.0000,1.0000
Guide × Text,localization F1,Non-grounded,17,0.0588,0.2425,0.0588,0.0000,0.0000,0.0000
Guide × Text,F1 · Error type F1,Non-grounded,17,0.0588,0.2425,0.0588,0.0000,0.0000,0.0000
Guide × Text,F1 · Step F1,Non-grounded,17,0.0588,0.2425,0.0588,0.0000,0.0000,0.0000
Guide × Text,judge time (s),Non-grounded,17,58.9183,43.4433,10.5365,54.4540,22.4900,87.9740
Guide × Text,locate time (s),Non-grounded,17,22.8383,38.7104,9.3887,10.4260,4.8340,24.5510
Guide × Text,"total time (s), all rows",Non-grounded,17,81.7566,65.3470,15.8490,67.8800,30.5560,98.5710
Guide × Text,"total time (s), correct only",Non-grounded,9,98.8571,79.0806,26.3602,69.1840,54.2930,100.5140
Guide × Text,accuracy,Grounded,26,0.6154,0.4961,0.0973,1.0000,0.0000,1.0000
Guide × Text,localization F1,Grounded,26,0.1628,0.3212,0.0630,0.0000,0.0000,0.0000
Guide × Text,F1 · Error type F1,Grounded,26,0.1859,0.3600,0.0706,0.0000,0.0000,0.0000
Guide × Text,F1 · Step F1,Grounded,26,0.1397,0.3158,0.0619,0.0000,0.0000,0.0000
Guide × Text,judge time (s),Grounded,26,124.1000,123.0212,24.1264,95.9235,50.3593,149.1662
Guide × Text,locate time (s),Grounded,26,37.7090,47.2690,9.2702,17.0445,7.7068,48.8785
Guide × Text,"total time (s), all rows",Grounded,26,161.8090,123.9832,24.3151,146.8465,65.4665,202.7407
Guide × Text,"total time (s), correct only",Grounded,16,171.3448,139.5181,34.8795,151.8675,66.8405,207.9758
Guide × Visual,accuracy,Non-grounded,24,0.8333,0.3807,0.0777,1.0000,1.0000,1.0000
Guide × Visual,localization F1,Non-grounded,24,0.2472,0.3171,0.0647,0.0000,0.0000,0.5417
Guide × Visual,F1 · Error type F1,Non-grounded,24,0.3611,0.4495,0.0918,0.0000,0.0000,0.7500
Guide × Visual,F1 · Step F1,Non-grounded,24,0.1333,0.2471,0.0504,0.0000,0.0000,0.0833
Guide × Visual,judge time (s),Non-grounded,24,74.4673,98.5800,20.1226,47.8410,20.3755,77.8247
Guide × Visual,locate time (s),Non-grounded,24,17.1237,22.2523,4.5422,9.5470,3.4882,20.8230
Guide × Visual,"total time (s), all rows",Non-grounded,24,91.5910,118.2825,24.1443,62.3690,35.9665,83.8515
Guide × Visual,"total time (s), correct only",Non-grounded,20,80.1225,105.3448,23.5558,62.3690,35.9665,79.9213
Guide × Visual,accuracy,Grounded,28,0.9643,0.1890,0.0357,1.0000,1.0000,1.0000
Guide × Visual,localization F1,Grounded,28,0.3459,0.4011,0.0758,0.0000,0.0000,0.8000
Guide × Visual,F1 · Error type F1,Grounded,28,0.4524,0.4987,0.0942,0.0000,0.0000,1.0000
Guide × Visual,F1 · Step F1,Grounded,28,0.2394,0.3506,0.0663,0.0000,0.0000,0.6000
Guide × Visual,judge time (s),Grounded,28,133.4002,172.6254,32.6231,74.0240,43.9342,162.9822
Guide × Visual,locate time (s),Grounded,28,34.4152,43.4349,8.2084,18.9555,3.6437,49.1208
Guide × Visual,"total time (s), all rows",Grounded,28,167.8155,177.8603,33.6124,130.6105,51.1292,225.8400
Guide × Visual,"total time (s), correct only",Grounded,27,172.3705,179.5765,34.5595,132.8740,59.5605,229.4550
